index,eval_experiment_uuid,run_uuid,metric_val,model_config_uuid,model_uuid,model_classpath,hyperparameters,class_ratio,task_type,si,i,ni,ri,performance,fairness,iteration_params,matrix_type,target_threshold,validation_recall,validation_age_min_fpr_disparity,alpha,eta_exp_budget,tuner,performance_test,fairness_test,dataset,performance_metric,fairness_metric
202,a99dae7c15e2d3485a6beefcbac68881,0020ef77b0e3d5e39f3c7f3757ab710e,0.62793,ab1b244214880e6110609a9a88b86c2c,f84289218cc9fcb4c62bf1230d67eff0,lightgbm.LGBMClassifier,"{'max_depth': 14, 'num_leaves': 46, 'n_estimators': 2073, 'boosting_type': 'goss', 'learning_rate': 0.014202611334706648, 'min_child_samples': 111}",9,Hyperband,0.0,0.0,5.0,100.0,0.6622,0.59781,{'alpha': 'dynamic'},validation,fpr = 5,0.6622,0.59781,dynamic,1.0,FB,0.6838,0.6279,AOF,recall,age_min_fpr_disparity
24,a99dae7c15e2d3485a6beefcbac68881,03d765f374d03cdd8ac5a0d0b84dc058,0.64497,f64c6aa08776e8e69a17609b50c725c1,f010b1cad3bf866f467d607e06866209,sklearn.tree.DecisionTreeClassifier,"{'splitter': 'best', 'criterion': 'gini', 'max_depth': 21, 'min_samples_leaf': 3, 'min_samples_split': 76}",4,RandomSearch,,,,100.0,0.37936,0.91058,{'alpha': 0.5},validation,fpr = 5,0.37936,0.91058,0.5,,RS (alpha=0.5),0.39846,0.95557,AOF,recall,age_min_fpr_disparity
20,a99dae7c15e2d3485a6beefcbac68881,03dfd2818ba187de4fc95ed76adcd7bf,0.68813,96fc8a04f009cdc80634689faf0eca9e,a717d1d5450ba076388d58919158339b,lightgbm.LGBMClassifier,"{'max_depth': 51, 'num_leaves': 20, 'n_estimators': 811, 'boosting_type': 'goss', 'learning_rate': 0.9373192393529987, 'min_child_samples': 107}",9,RandomSearch,,,,100.0,0.56434,0.81192,{'alpha': 0.5},validation,fpr = 5,0.56434,0.81192,0.5,,RS (alpha=0.5),0.60797,0.90669,AOF,recall,age_min_fpr_disparity
23,a99dae7c15e2d3485a6beefcbac68881,0a490aae1c4187e14c7ece18ca551047,0.68231,00baf5a625e374ccb8afcc12c7f7da6d,3de28c7fc301774b6983d7bcac79bf97,sklearn.ensemble.RandomForestClassifier,"{'criterion': 'entropy', 'max_depth': 25, 'max_features': 'log2', 'n_estimators': 103, 'min_samples_leaf': 1, 'min_samples_split': 9}",9,RandomSearch,,,,100.0,0.68231,0.33051,{'alpha': 1},validation,fpr = 5,0.68231,0.33051,1,,RS,0.67352,0.34941,AOF,recall,age_min_fpr_disparity
19,a99dae7c15e2d3485a6beefcbac68881,0e8ebb45422def77a58769d4b7898c41,0.61017,ea7cfa73fadf6007062b392a62076e50,9bff538da6af308b2711be544e029015,lightgbm.LGBMClassifier,"{'max_depth': 87, 'num_leaves': 94, 'n_estimators': 591, 'boosting_type': 'gbdt', 'learning_rate': 0.21702481978618882, 'min_child_samples': 6}",9,RandomSearch,,,,100.0,0.67962,0.54071,{'alpha': 0.5},validation,fpr = 5,0.67962,0.54071,0.5,,RS (alpha=0.5),0.68895,0.58468,AOF,recall,age_min_fpr_disparity
191,a99dae7c15e2d3485a6beefcbac68881,1689a30fbd82cd6dfa1108bb72c27f6b,0.69169,a2ba1b97f9c414cd66fd2970bd68a68c,50d2827700eb379863a4b289ee55ba5e,sklearn.ensemble.RandomForestClassifier,"{'criterion': 'entropy', 'max_depth': 25, 'max_features': 'log2', 'n_estimators': 445, 'min_samples_leaf': 1, 'min_samples_split': 62}",19,Hyperband,2.0,2.0,1.0,100.0,0.69169,0.28098,{'alpha': 1},validation,fpr = 5,0.69169,0.28098,1,1.0,HB,0.69023,0.31234,AOF,recall,age_min_fpr_disparity
22,a99dae7c15e2d3485a6beefcbac68881,235f9c6058252b041d8d15c59e0c004d,0.67158,6371f342ab3259309f5ecc227edbeb64,0bd3d7aa8783e10ead33eaef273082eb,sklearn.ensemble.RandomForestClassifier,"{'criterion': 'gini', 'max_depth': 27, 'max_features': 'sqrt', 'n_estimators': 117, 'min_samples_leaf': 4, 'min_samples_split': 70}",19,RandomSearch,,,,100.0,0.67158,0.29059,{'alpha': 1},validation,fpr = 5,0.67158,0.29059,1,,RS,0.67224,0.31817,AOF,recall,age_min_fpr_disparity
196,a99dae7c15e2d3485a6beefcbac68881,25dcd73f4304466f4cbdda9024e44b5e,0.67166,e48e1e14d81162b238bc926643b4f6ff,1f7129aa724f38c6a9bc055a1e492ce3,lightgbm.LGBMClassifier,"{'max_depth': 3, 'num_leaves': 27, 'n_estimators': 66, 'boosting_type': 'goss', 'learning_rate': 0.7950198600115346, 'min_child_samples': 14}",9,Hyperband,1.0,0.0,8.0,33.333,0.45442,0.88889,{'alpha': 0.5},validation,fpr = 5,0.45442,0.88889,0.5,0.3333,FB (alpha=0.5),0.48329,0.74568,AOF,recall,age_min_fpr_disparity
121,a99dae7c15e2d3485a6beefcbac68881,26ba5e2a3c35f84693c7b7d6f004be86,0.69973,d1b183e14856f3d880ae785473c9e42f,618c57ad7c9bffd1613993752c65f4f0,sklearn.ensemble.RandomForestClassifier,"{'criterion': 'entropy', 'max_depth': 22, 'max_features': 'sqrt', 'n_estimators': 443, 'min_samples_leaf': 2, 'min_samples_split': 16}",19,Hyperband,4.0,4.0,1.0,100.0,0.69973,0.31909,{'alpha': 1},validation,fpr = 5,0.69973,0.31909,1,1.0,HB,0.68638,0.34386,AOF,recall,age_min_fpr_disparity
5,a99dae7c15e2d3485a6beefcbac68881,285e8ca6ec8a741bf3de25e9d3f54e8b,0.61698,caaecd0e5b6df75e8711a3302edc3d75,e49f028deec72b2909ed5c9d29feeee0,lightgbm.LGBMClassifier,"{'max_depth': 105, 'num_leaves': 74, 'n_estimators': 1507, 'boosting_type': 'goss', 'learning_rate': 0.030808182821801366, 'min_child_samples': 39}",19,RandomSearch,,,,100.0,0.64075,0.5932,{'alpha': 0.5},validation,fpr = 5,0.64075,0.5932,0.5,,RS (alpha=0.5),0.67609,0.62346,AOF,recall,age_min_fpr_disparity
121,a99dae7c15e2d3485a6beefcbac68881,2f4a97a21e2dec3851e254b7309ec457,0.63042,44fc389dff393905eab4913f436678ee,85e2050848c68e535d8612c48b4dca5a,lightgbm.LGBMClassifier,"{'max_depth': 78, 'num_leaves': 322, 'n_estimators': 4143, 'boosting_type': 'goss', 'learning_rate': 0.2501747624238789, 'min_child_samples': 9}",19,Hyperband,4.0,4.0,1.0,100.0,0.65282,0.60987,{'alpha': 'dynamic'},validation,fpr = 5,0.65282,0.60987,dynamic,1.0,FB,0.66967,0.66032,AOF,recall,age_min_fpr_disparity
191,a99dae7c15e2d3485a6beefcbac68881,2f4e94cdcff6180c25a7a7c77e7f3207,0.67555,be507075cca2ec5d7008b3793f4d21eb,57c66d694c61461768a490be9983ec62,lightgbm.LGBMClassifier,"{'max_depth': 4, 'num_leaves': 163, 'n_estimators': 6484, 'boosting_type': 'goss', 'learning_rate': 0.24632057973660118, 'min_child_samples': 56}",19,Hyperband,2.0,2.0,1.0,100.0,0.56971,0.78139,{'alpha': 0.5},validation,fpr = 5,0.56971,0.78139,0.5,1.0,FB (alpha=0.5),0.60925,0.88806,AOF,recall,age_min_fpr_disparity
10,a99dae7c15e2d3485a6beefcbac68881,30914154aa51f579ad13311079570f87,0.58246,e88a72ff8d0adaf699a5de6a20687531,08ce740ba918bd2dad5afa5c073efc4a,lightgbm.LGBMClassifier,"{'max_depth': 70, 'num_leaves': 157, 'n_estimators': 782, 'boosting_type': 'goss', 'learning_rate': 0.012686556107201217, 'min_child_samples': 7}",9,RandomSearch,,,,100.0,0.67828,0.48663,{'alpha': 0.5},validation,fpr = 5,0.67828,0.48663,0.5,,RS (alpha=0.5),0.7108,0.52078,AOF,recall,age_min_fpr_disparity
200,a99dae7c15e2d3485a6beefcbac68881,333c78877f70c605280274a622e27c6b,0.60776,66ed3c5b119cbf89fe43edc857eb30cf,f86908e00fbf99e7f07002bf0d797530,lightgbm.LGBMClassifier,"{'max_depth': 7, 'num_leaves': 12, 'n_estimators': 3819, 'boosting_type': 'gbdt', 'learning_rate': 0.1026598781255912, 'min_child_samples': 5}",4,Hyperband,1.0,1.0,2.0,100.0,0.62601,0.58951,{'alpha': 0.5},validation,fpr = 5,0.62601,0.58951,0.5,1.0,FB (alpha=0.5),0.6401,0.68421,AOF,recall,age_min_fpr_disparity
169,a99dae7c15e2d3485a6beefcbac68881,36047b69a1caf9dd5da94ae00d86d22c,0.6504,285a39647c2e27545a83658498db3e56,2a21bbba0d98a7390ab23e0d802a9a9d,lightgbm.LGBMClassifier,"{'max_depth': 35, 'num_leaves': 7, 'n_estimators': 1534, 'boosting_type': 'goss', 'learning_rate': 0.4533619006919004, 'min_child_samples': 28}",19,Hyperband,3.0,2.0,3.0,33.333,0.56971,0.77203,{'alpha': 'dynamic'},validation,fpr = 5,0.56971,0.77203,dynamic,0.3333,FB,0.58869,0.92235,AOF,recall,age_min_fpr_disparity
20,a99dae7c15e2d3485a6beefcbac68881,400480286934be62a819daa2807a1d74,0.63346,1516ab18b9e6e3ca6c357bc5b0c9901f,12772df449480212de11286f1bf79156,lightgbm.LGBMClassifier,"{'max_depth': 24, 'num_leaves': 9, 'n_estimators': 1095, 'boosting_type': 'dart', 'learning_rate': 0.3563967803679837, 'min_child_samples': 167}",4,RandomSearch,,,,100.0,0.6126,0.65432,{'alpha': 0.5},validation,fpr = 5,0.6126,0.65432,0.5,,RS (alpha=0.5),0.64781,0.76893,AOF,recall,age_min_fpr_disparity
170,a99dae7c15e2d3485a6beefcbac68881,4616709824a30425b3156b19440fccb8,0.64387,dbe77ca573f9e6adaa168fc15f1f0bc3,5febac2bfe3b1dcf6d57ca03ca645790,lightgbm.LGBMClassifier,"{'max_depth': 50, 'num_leaves': 115, 'n_estimators': 2927, 'boosting_type': 'dart', 'learning_rate': 0.5123702912513137, 'min_child_samples': 12}",9,Hyperband,3.0,3.0,1.0,100.0,0.64879,0.63904,{'alpha': 'dynamic'},validation,fpr = 5,0.64879,0.63904,dynamic,1.0,FB,0.66324,0.7511,AOF,recall,age_min_fpr_disparity
8,a99dae7c15e2d3485a6beefcbac68881,4eb8995dd22bde1fa2e8fbe6353ca5d0,0.67694,1a8851e4759961b3c64b48e951c2743d,eab5fe5e8215bac6d272aa6c05b8d886,lightgbm.LGBMClassifier,"{'max_depth': 85, 'num_leaves': 121, 'n_estimators': 1051, 'boosting_type': 'goss', 'learning_rate': 0.011471139512205528, 'min_child_samples': 17}",9,RandomSearch,,,,100.0,0.67694,0.51341,{'alpha': 1},validation,fpr = 5,0.67694,0.51341,1,,RS,0.69923,0.56394,AOF,recall,age_min_fpr_disparity
121,a99dae7c15e2d3485a6beefcbac68881,50c74902aa6e908d62efb662cda09328,0.61203,7487f742a4fd9af21cbe64e16ef44642,ebd7df4eaff59df73d6987f0cc0bfadc,lightgbm.LGBMClassifier,"{'max_depth': 24, 'num_leaves': 272, 'n_estimators': 4092, 'boosting_type': 'dart', 'learning_rate': 0.2921389725225255, 'min_child_samples': 8}",4,Hyperband,4.0,4.0,1.0,100.0,0.64477,0.5831,{'alpha': 'dynamic'},validation,fpr = 5,0.64477,0.5831,dynamic,1.0,FB,0.67224,0.636,AOF,recall,age_min_fpr_disparity
170,a99dae7c15e2d3485a6beefcbac68881,513b92f7a0fb033164c248ad3978d62e,0.69169,f0bf91b52bcb65d23ca5f03e656a8e02,673c4ab5ba0b2a1d6add2539858b81c8,sklearn.ensemble.RandomForestClassifier,"{'criterion': 'entropy', 'max_depth': 21, 'max_features': 'sqrt', 'n_estimators': 297, 'min_samples_leaf': 1, 'min_samples_split': 29}",19,Hyperband,3.0,3.0,1.0,100.0,0.69169,0.30777,{'alpha': 1},validation,fpr = 5,0.69169,0.30777,1,1.0,HB,0.69409,0.33569,AOF,recall,age_min_fpr_disparity
167,a99dae7c15e2d3485a6beefcbac68881,59d4ee864fcd3b3b42f1432194ab651b,0.6043,97920c1d9c4fd48b4e5bb4c9d3c3a967,5197d73f52fe6ff8cef9ce985e2d657b,lightgbm.LGBMClassifier,"{'max_depth': 3, 'num_leaves': 98, 'n_estimators': 1686, 'boosting_type': 'goss', 'learning_rate': 0.10790523766432873, 'min_child_samples': 68}",19,Hyperband,3.0,2.0,3.0,33.333,0.57239,0.6362,{'alpha': 0.5},validation,fpr = 5,0.57239,0.6362,0.5,0.3333,FB (alpha=0.5),0.59512,0.74446,AOF,recall,age_min_fpr_disparity
10,a99dae7c15e2d3485a6beefcbac68881,5a12839cb7a3d1d659788e9370751ca7,0.61439,0566b1d7f1c04a7f7011e35b45566d3a,aedb28ca36de3a6575bde9f2e296a659,sklearn.tree.DecisionTreeClassifier,"{'splitter': 'best', 'criterion': 'gini', 'max_depth': 43, 'min_samples_leaf': 38, 'min_samples_split': 29}",9,RandomSearch,,,,100.0,0.49464,0.73414,{'alpha': 0.5},validation,fpr = 5,0.49464,0.73414,0.5,,RS (alpha=0.5),0.47815,0.69045,AOF,recall,age_min_fpr_disparity
15,a99dae7c15e2d3485a6beefcbac68881,5d53737f2b387eb1a2b22eca2e0ddd85,0.61409,0a5acff225230c872281063a1a45204b,a598d23963ac305ff7d4497e004e4568,sklearn.linear_model.LogisticRegression,"{'C': 1, 'tol': 0.009452689991849065, 'solver': 'liblinear', 'penalty': 'l1', 'max_iter': 783}",19,Hyperband,4.0,0.0,81.0,1.235,0.23056,0.99761,{'alpha': 0.5},validation,fpr = 5,0.23056,0.99761,0.5,0.0123,FB (alpha=0.5),0.2892,0.98521,AOF,recall,age_min_fpr_disparity
104,a99dae7c15e2d3485a6beefcbac68881,5fc31c82440d85760f8cbf59015a3909,0.66864,e360247061d6ca04a89df6169f73b267,2d6ee2332ee7bea62d1267fd8c8cf69c,lightgbm.LGBMClassifier,"{'max_depth': 94, 'num_leaves': 3, 'n_estimators': 1431, 'boosting_type': 'gbdt', 'learning_rate': 0.11538719329026904, 'min_child_samples': 10}",4,Hyperband,4.0,1.0,27.0,3.704,0.41421,0.92306,{'alpha': 0.5},validation,fpr = 5,0.41421,0.92306,0.5,0.037,FB (alpha=0.5),0.44344,0.98171,AOF,recall,age_min_fpr_disparity
2,a99dae7c15e2d3485a6beefcbac68881,61fee4be129a221ec7a82527dfd47265,0.6689,009e3b470617ca091453395d176e0b10,e29d2b32096d5983b75d5cbd9d4530df,sklearn.ensemble.RandomForestClassifier,"{'criterion': 'gini', 'max_depth': 16, 'max_features': 'log2', 'n_estimators': 145, 'min_samples_leaf': 5, 'min_samples_split': 42}",4,RandomSearch,,,,100.0,0.6689,0.23966,{'alpha': 1},validation,fpr = 5,0.6689,0.23966,1,,RS,0.67095,0.26674,AOF,recall,age_min_fpr_disparity
188,a99dae7c15e2d3485a6beefcbac68881,630d22d05aa4f48404352baaf08c8630,0.61806,9018c5c7fc3c66e85db3b4f6c19e2bc6,b7a05a56070f4dd7b0f5d79becf860b7,lightgbm.LGBMClassifier,"{'max_depth': 46, 'num_leaves': 62, 'n_estimators': 2427, 'boosting_type': 'dart', 'learning_rate': 0.14354011699249863, 'min_child_samples': 35}",9,Hyperband,2.0,1.0,5.0,33.333,0.65147,0.5886,{'alpha': 'dynamic'},validation,fpr = 5,0.65147,0.5886,dynamic,0.3333,FB,0.63496,0.64213,AOF,recall,age_min_fpr_disparity
23,a99dae7c15e2d3485a6beefcbac68881,67ac62040f57f1705842c6373d1aa61e,0.62329,9b52560d650b413b676b06c0ba008e4b,654215af4faed25a66a24543380be900,lightgbm.LGBMClassifier,"{'max_depth': 43, 'num_leaves': 13, 'n_estimators': 1714, 'boosting_type': 'goss', 'learning_rate': 0.08928666857503097, 'min_child_samples': 8}",19,RandomSearch,,,,100.0,0.62735,0.61922,{'alpha': 0.5},validation,fpr = 5,0.62735,0.61922,0.5,,RS (alpha=0.5),0.66452,0.70691,AOF,recall,age_min_fpr_disparity
121,a99dae7c15e2d3485a6beefcbac68881,7264b878c591ed60891cbfc919054736,0.61253,4ff5176146b4dbbd4a71333373be33bd,3b6117559a4911d3f512386c2e200f16,lightgbm.LGBMClassifier,"{'max_depth': 79, 'num_leaves': 71, 'n_estimators': 690, 'boosting_type': 'gbdt', 'learning_rate': 0.1613750087752184, 'min_child_samples': 39}",9,Hyperband,4.0,4.0,1.0,100.0,0.67292,0.564,{'alpha': 'dynamic'},validation,fpr = 5,0.67292,0.564,dynamic,1.0,FB,0.68509,0.62672,AOF,recall,age_min_fpr_disparity
17,a99dae7c15e2d3485a6beefcbac68881,72a462cbca8b73c7d74eb27274a2b7e4,0.68633,2e1b6104bb7726856be186c6e44540da,325d3556481c1b5e80693b69aa3431a2,lightgbm.LGBMClassifier,"{'max_depth': 42, 'num_leaves': 251, 'n_estimators': 3290, 'boosting_type': 'gbdt', 'learning_rate': 0.034368413249755786, 'min_child_samples': 12}",9,RandomSearch,,,,100.0,0.68633,0.52216,{'alpha': 1},validation,fpr = 5,0.68633,0.52216,1,,RS,0.70308,0.57066,AOF,recall,age_min_fpr_disparity
2,a99dae7c15e2d3485a6beefcbac68881,7abaeea4407036aa6431ddc34fc022ef,0.67024,0a2eaf696e21ca53ef235bda39f97986,71e525a98471a8ae55403219e1493db6,sklearn.ensemble.RandomForestClassifier,"{'criterion': 'entropy', 'max_depth': 19, 'max_features': 'log2', 'n_estimators': 259, 'min_samples_leaf': 45, 'min_samples_split': 131}",19,RandomSearch,,,,100.0,0.67024,0.24037,{'alpha': 1},validation,fpr = 5,0.67024,0.24037,1,,RS,0.65296,0.25857,AOF,recall,age_min_fpr_disparity
200,a99dae7c15e2d3485a6beefcbac68881,7eafc6ace6f73523f90288a1ff8e4023,0.64035,3e0ad0ebf5c7c8265238dd15438467c9,224e86cbe177a80d5f26afe65bea5a61,lightgbm.LGBMClassifier,"{'max_depth': 2, 'num_leaves': 66, 'n_estimators': 13258, 'boosting_type': 'gbdt', 'learning_rate': 0.05711374362756748, 'min_child_samples': 18}",4,Hyperband,1.0,1.0,2.0,100.0,0.55362,0.72708,{'alpha': 0.5},validation,fpr = 5,0.55362,0.72708,0.5,1.0,FB (alpha=0.5),0.56684,0.84296,AOF,recall,age_min_fpr_disparity
170,a99dae7c15e2d3485a6beefcbac68881,7ef0cd0cbba7c7192b0306309f71c0e9,0.6756,29cf52bcacde4ca4cb3a1f862a908a5d,0cef386cd2f11de070d1add52c799560,sklearn.ensemble.RandomForestClassifier,"{'criterion': 'entropy', 'max_depth': 17, 'max_features': 'sqrt', 'n_estimators': 559, 'min_samples_leaf': 16, 'min_samples_split': 13}",19,Hyperband,3.0,3.0,1.0,100.0,0.6756,0.27657,{'alpha': 1},validation,fpr = 5,0.6756,0.27657,1,1.0,HB,0.67481,0.30449,AOF,recall,age_min_fpr_disparity
170,a99dae7c15e2d3485a6beefcbac68881,84860d5f78dfa50a2690283122b30a30,0.63569,8a20b8136dadc007c7c9d76c40efc313,6cfbfdb5461bc33aabdd564470640f7a,lightgbm.LGBMClassifier,"{'max_depth': 95, 'num_leaves': 50, 'n_estimators': 2782, 'boosting_type': 'gbdt', 'learning_rate': 0.13719087694369383, 'min_child_samples': 92}",19,Hyperband,3.0,3.0,1.0,100.0,0.65013,0.62204,{'alpha': 'dynamic'},validation,fpr = 5,0.65013,0.62204,dynamic,1.0,FB,0.66067,0.78962,AOF,recall,age_min_fpr_disparity
1,a99dae7c15e2d3485a6beefcbac68881,864afb78e2d7cc5e8ddf502a6203cbbc,0.64792,d73e45f7ad17a0b2647f15f74d61cee0,7e3bfcdc009db2f8637bdc7cca1d3d0d,lightgbm.LGBMClassifier,"{'max_depth': 39, 'num_leaves': 55, 'n_estimators': 3260, 'boosting_type': 'goss', 'learning_rate': 0.012690683593182504, 'min_child_samples': 206}",9,RandomSearch,,,,100.0,0.65013,0.64571,{'alpha': 0.5},validation,fpr = 5,0.65013,0.64571,0.5,,RS (alpha=0.5),0.6838,0.69509,AOF,recall,age_min_fpr_disparity
9,a99dae7c15e2d3485a6beefcbac68881,873e8e5fac3c665a35310d9f73ad69a7,0.64267,8ea4536bc5e8c4b3cca332104a05b3a2,e99be43146568a1f814fb57d726ded29,lightgbm.LGBMClassifier,"{'max_depth': 41, 'num_leaves': 128, 'n_estimators': 3178, 'boosting_type': 'goss', 'learning_rate': 0.34586717743168527, 'min_child_samples': 96}",19,RandomSearch,,,,100.0,0.64343,0.6419,{'alpha': 0.5},validation,fpr = 5,0.64343,0.6419,0.5,,RS (alpha=0.5),0.6671,0.71833,AOF,recall,age_min_fpr_disparity
118,a99dae7c15e2d3485a6beefcbac68881,88c044faec6df6dcf91a045285da6484,0.64998,0f7d3168f42c45bdec50dba86efaf4fe,703387797da327b0f97517f5304570e7,lightgbm.LGBMClassifier,"{'max_depth': 40, 'num_leaves': 6, 'n_estimators': 3970, 'boosting_type': 'goss', 'learning_rate': 0.5284244222478869, 'min_child_samples': 31}",9,Hyperband,4.0,3.0,3.0,33.333,0.56166,0.7908,{'alpha': 'dynamic'},validation,fpr = 5,0.56166,0.7908,dynamic,0.3333,FB,0.56298,0.85493,AOF,recall,age_min_fpr_disparity
170,a99dae7c15e2d3485a6beefcbac68881,8d1db85d243e31b10cbe1fbc1ff81a21,0.67828,aa37026bd624c3e48c89a0253d8ee20c,4c1f584e81753020cc2dd447e69a401f,lightgbm.LGBMClassifier,"{'max_depth': 4, 'num_leaves': 203, 'n_estimators': 1728, 'boosting_type': 'dart', 'learning_rate': 0.020488497177499676, 'min_child_samples': 9}",4,Hyperband,3.0,3.0,1.0,100.0,0.67828,0.3428,{'alpha': 1},validation,fpr = 5,0.67828,0.3428,1,1.0,HB,0.67481,0.36874,AOF,recall,age_min_fpr_disparity
121,a99dae7c15e2d3485a6beefcbac68881,8f412b0cc26bd090d944bf760ca9f6a9,0.67694,4be460137d4da4413fc8176288c030d9,85156e0af10daf520d25129ae5901026,sklearn.ensemble.RandomForestClassifier,"{'criterion': 'entropy', 'max_depth': 26, 'max_features': 'sqrt', 'n_estimators': 126, 'min_samples_leaf': 3, 'min_samples_split': 4}",19,Hyperband,4.0,4.0,1.0,100.0,0.67694,0.32288,{'alpha': 1},validation,fpr = 5,0.67694,0.32288,1,1.0,HB,0.68123,0.34497,AOF,recall,age_min_fpr_disparity
167,a99dae7c15e2d3485a6beefcbac68881,998214d2c1352c9e041b589f38d970d8,0.66354,4133b30f6b891819e5af6b1fe486b499,ef54cfb8b2410138b0d75be15f5fd3ff,lightgbm.LGBMClassifier,"{'max_depth': 2, 'num_leaves': 9, 'n_estimators': 136, 'boosting_type': 'goss', 'learning_rate': 0.05950126457563735, 'min_child_samples': 7}",19,Hyperband,3.0,2.0,3.0,33.333,0.66354,0.25762,{'alpha': 1},validation,fpr = 5,0.66354,0.25762,1,0.3333,HB,0.66067,0.30489,AOF,recall,age_min_fpr_disparity
191,a99dae7c15e2d3485a6beefcbac68881,9aa4230bc3c43e0d0177521c9751533f,0.68901,cd6f5b5711967143036794e93d267eda,f850b4fe7b52cab714018715a4550b4f,sklearn.ensemble.RandomForestClassifier,"{'criterion': 'entropy', 'max_depth': 23, 'max_features': 'sqrt', 'n_estimators': 170, 'min_samples_leaf': 2, 'min_samples_split': 25}",19,Hyperband,2.0,2.0,1.0,100.0,0.68901,0.29953,{'alpha': 1},validation,fpr = 5,0.68901,0.29953,1,1.0,HB,0.69537,0.31463,AOF,recall,age_min_fpr_disparity
7,a99dae7c15e2d3485a6beefcbac68881,a31bf80789d9b03a26b5e0efa49b2577,0.56888,faa3f3df1b54634f1bb5b93d90e47fcc,f335f9d5e2c8a87da87308dca6f4b267,lightgbm.LGBMClassifier,"{'max_depth': 82, 'num_leaves': 195, 'n_estimators': 10598, 'boosting_type': 'gbdt', 'learning_rate': 0.24979175240119852, 'min_child_samples': 6}",4,RandomSearch,,,,100.0,0.6622,0.47555,{'alpha': 0.5},validation,fpr = 5,0.6622,0.47555,0.5,,RS (alpha=0.5),0.68895,0.49445,AOF,recall,age_min_fpr_disparity
20,a99dae7c15e2d3485a6beefcbac68881,a674168f1395ff2c10966e166fc0785d,0.57512,256d2558e8b65f39f136f3dcfd6b4bea,bf0d26954e11f4d62944cf87a25162df,lightgbm.LGBMClassifier,"{'max_depth': 67, 'num_leaves': 268, 'n_estimators': 5115, 'boosting_type': 'gbdt', 'learning_rate': 0.9395955173489507, 'min_child_samples': 18}",4,RandomSearch,,,,100.0,0.61662,0.53362,{'alpha': 0.5},validation,fpr = 5,0.61662,0.53362,0.5,,RS (alpha=0.5),0.6491,0.58185,AOF,recall,age_min_fpr_disparity
24,a99dae7c15e2d3485a6beefcbac68881,a7a7f3842100ccfa1ac96415655875fc,0.58614,0c6920e4ee1234158c17d4484977ec04,b9e8843148c2d5dd161c48e3319c39b5,lightgbm.LGBMClassifier,"{'max_depth': 80, 'num_leaves': 67, 'n_estimators': 3378, 'boosting_type': 'dart', 'learning_rate': 0.045828415802410226, 'min_child_samples': 7}",19,RandomSearch,,,,100.0,0.66756,0.50472,{'alpha': 0.5},validation,fpr = 5,0.66756,0.50472,0.5,,RS (alpha=0.5),0.67609,0.55132,AOF,recall,age_min_fpr_disparity
121,a99dae7c15e2d3485a6beefcbac68881,a99bebd89714bb5161b0fcbbe699d948,0.68231,5dfd27b2431c8e2f79cdfe55a1735841,cefe94f12f0c954b79eebe3bbc26358b,lightgbm.LGBMClassifier,"{'max_depth': 55, 'num_leaves': 10, 'n_estimators': 1784, 'boosting_type': 'dart', 'learning_rate': 0.012957347947666927, 'min_child_samples': 2}",9,Hyperband,4.0,4.0,1.0,100.0,0.68231,0.35753,{'alpha': 1},validation,fpr = 5,0.68231,0.35753,1,1.0,HB,0.68509,0.3871,AOF,recall,age_min_fpr_disparity
3,a99dae7c15e2d3485a6beefcbac68881,aa43eab27477769c38928a81cea04aff,0.67694,1c8a4a8e656213083462cfe8944f1591,40ee31bf57a55e39aebb141ede167561,lightgbm.LGBMClassifier,"{'max_depth': 61, 'num_leaves': 344, 'n_estimators': 1123, 'boosting_type': 'gbdt', 'learning_rate': 0.015952419372634415, 'min_child_samples': 6}",9,RandomSearch,,,,100.0,0.67694,0.473,{'alpha': 1},validation,fpr = 5,0.67694,0.473,1,,RS,0.68509,0.49324,AOF,recall,age_min_fpr_disparity
121,a99dae7c15e2d3485a6beefcbac68881,aa469fa16a19563aeb347a59fdef58e5,0.63104,5afaa501ad6aa4951d98a41cad15db5e,b5634528c837dde6a5f0d48b96ac43ea,lightgbm.LGBMClassifier,"{'max_depth': 24, 'num_leaves': 6, 'n_estimators': 171, 'boosting_type': 'dart', 'learning_rate': 0.7789781542115417, 'min_child_samples': 5}",4,Hyperband,4.0,4.0,1.0,100.0,0.50938,0.92762,{'alpha': 'dynamic'},validation,fpr = 5,0.50938,0.92762,dynamic,1.0,FB,0.61311,0.90823,AOF,recall,age_min_fpr_disparity
191,a99dae7c15e2d3485a6beefcbac68881,b0c5d88743f38c1d4c1f1bcfdea4eff3,0.69571,d9b09e6009eecbfc663e93296297cdcb,9bb5637b36b7f8dcd95a9d48296f2643,lightgbm.LGBMClassifier,"{'max_depth': 12, 'num_leaves': 54, 'n_estimators': 320, 'boosting_type': 'dart', 'learning_rate': 0.07681436741888889, 'min_child_samples': 44}",9,Hyperband,2.0,2.0,1.0,100.0,0.69571,0.46792,{'alpha': 1},validation,fpr = 5,0.69571,0.46792,1,1.0,HB,0.69923,0.50649,AOF,recall,age_min_fpr_disparity
186,a99dae7c15e2d3485a6beefcbac68881,b496601bfee2127d1bc7da4a7c6032b9,0.63576,dd9add6b48e0645e209cdb12d3ab6c4f,13edf2ec2cba19551629e1f7d1beb9c1,lightgbm.LGBMClassifier,"{'max_depth': 6, 'num_leaves': 95, 'n_estimators': 7664, 'boosting_type': 'goss', 'learning_rate': 0.04412768140925045, 'min_child_samples': 79}",19,Hyperband,2.0,1.0,5.0,33.333,0.58713,0.68438,{'alpha': 0.5},validation,fpr = 5,0.58713,0.68438,0.5,0.3333,FB (alpha=0.5),0.59126,0.7929,AOF,recall,age_min_fpr_disparity
186,a99dae7c15e2d3485a6beefcbac68881,b4c3ee363d0b38f1c85cc94ee58994c4,0.65166,7b3f5c1344def76164a611871c1d2631,731608bf171fc3a9fe3031ec54615b00,lightgbm.LGBMClassifier,"{'max_depth': 65, 'num_leaves': 5, 'n_estimators': 366, 'boosting_type': 'goss', 'learning_rate': 0.12654659066540475, 'min_child_samples': 24}",19,Hyperband,2.0,1.0,5.0,33.333,0.62869,0.67462,{'alpha': 0.5},validation,fpr = 5,0.62869,0.67462,0.5,0.3333,FB (alpha=0.5),0.63882,0.7941,AOF,recall,age_min_fpr_disparity
170,a99dae7c15e2d3485a6beefcbac68881,b7346723a1c9b8fef08ecfdf1fc47e4b,0.61148,16e25e2cbd2eead9fc1ddfb17f197022,f11a8739342697b980a784fd6dae7120,lightgbm.LGBMClassifier,"{'max_depth': 23, 'num_leaves': 268, 'n_estimators': 763, 'boosting_type': 'dart', 'learning_rate': 0.4056985059062823, 'min_child_samples': 19}",19,Hyperband,3.0,3.0,1.0,100.0,0.67024,0.564,{'alpha': 'dynamic'},validation,fpr = 5,0.67024,0.564,dynamic,1.0,FB,0.67224,0.57409,AOF,recall,age_min_fpr_disparity
32,a99dae7c15e2d3485a6beefcbac68881,b7dd53c7aec10ef2dd9d3329224b64b9,0.58985,a058b649034e95f9a9ccd5269f684642,cada521d00e015c1e3253757e3eed34a,sklearn.linear_model.LogisticRegression,"{'C': 1, 'tol': 0.005228237689191487, 'solver': 'liblinear', 'penalty': 'l1', 'max_iter': 2440}",19,Hyperband,4.0,0.0,81.0,1.235,0.22252,0.95718,{'alpha': 0.5},validation,fpr = 5,0.22252,0.95718,0.5,0.0123,FB (alpha=0.5),0.29949,0.953,AOF,recall,age_min_fpr_disparity
15,a99dae7c15e2d3485a6beefcbac68881,b91d9befa282629a8ae82fdcc7869d6c,0.67694,d63b0841919daccbd172fa406e4941fc,cd0d90f6edf9b2c4dbd7edd0f4bc5280,lightgbm.LGBMClassifier,"{'max_depth': 20, 'num_leaves': 152, 'n_estimators': 1755, 'boosting_type': 'dart', 'learning_rate': 0.015542588992102774, 'min_child_samples': 25}",19,RandomSearch,,,,100.0,0.67694,0.44198,{'alpha': 1},validation,fpr = 5,0.67694,0.44198,1,,RS,0.68252,0.46515,AOF,recall,age_min_fpr_disparity
200,a99dae7c15e2d3485a6beefcbac68881,bb91addacadce6cee19973d79cd097fa,0.66683,da60f28c147c51763f1ab46f1b2fa4e2,f9f78fa4230df35ba178526fe96a63d5,lightgbm.LGBMClassifier,"{'max_depth': 7, 'num_leaves': 111, 'n_estimators': 5460, 'boosting_type': 'goss', 'learning_rate': 0.12359904522134949, 'min_child_samples': 124}",9,Hyperband,1.0,1.0,2.0,100.0,0.61662,0.71704,{'alpha': 0.5},validation,fpr = 5,0.61662,0.71704,0.5,1.0,FB (alpha=0.5),0.63753,0.78952,AOF,recall,age_min_fpr_disparity
21,a99dae7c15e2d3485a6beefcbac68881,c0dea25d0fc848e19e91082d69600443,0.68231,c5669a7eda26df4fa5f325edb1699e63,0bb5f7f822a78df7a55cffd572a475fa,lightgbm.LGBMClassifier,"{'max_depth': 59, 'num_leaves': 202, 'n_estimators': 828, 'boosting_type': 'gbdt', 'learning_rate': 0.018515874316093847, 'min_child_samples': 6}",9,RandomSearch,,,,100.0,0.68231,0.47725,{'alpha': 1},validation,fpr = 5,0.68231,0.47725,1,,RS,0.68638,0.48663,AOF,recall,age_min_fpr_disparity
14,a99dae7c15e2d3485a6beefcbac68881,c1a538003b31c92c537eb3314be5b2f3,0.68231,39eac7d91b58f62cb309f7b10f4e9d91,1469a4024f8a51bcafef7b9edf4ff1fa,lightgbm.LGBMClassifier,"{'max_depth': 119, 'num_leaves': 11, 'n_estimators': 236, 'boosting_type': 'gbdt', 'learning_rate': 0.08371796327591706, 'min_child_samples': 41}",19,RandomSearch,,,,100.0,0.68231,0.46623,{'alpha': 1},validation,fpr = 5,0.68231,0.46623,1,,RS,0.69152,0.52973,AOF,recall,age_min_fpr_disparity
121,a99dae7c15e2d3485a6beefcbac68881,c94f1248fcf1e40c2580123465b30a83,0.63883,28b32b958cae3a8af3009f52da46ea01,4fc51b189bb6ef37ba9ac32cea2ac7ce,lightgbm.LGBMClassifier,"{'max_depth': 10, 'num_leaves': 102, 'n_estimators': 2721, 'boosting_type': 'dart', 'learning_rate': 0.3983249065481316, 'min_child_samples': 5}",9,Hyperband,4.0,4.0,1.0,100.0,0.65684,0.62204,{'alpha': 'dynamic'},validation,fpr = 5,0.65684,0.62204,dynamic,1.0,FB,0.66967,0.69912,AOF,recall,age_min_fpr_disparity
200,a99dae7c15e2d3485a6beefcbac68881,cc8b6a4c6715adfffbe564ab357ac9e4,0.65789,6672338b3b673c912e75909b068e3beb,dc4f8a6ce57ccb403188e31a10b43d6d,lightgbm.LGBMClassifier,"{'max_depth': 69, 'num_leaves': 16, 'n_estimators': 955, 'boosting_type': 'gbdt', 'learning_rate': 0.7223197449561962, 'min_child_samples': 154}",4,Hyperband,1.0,1.0,2.0,100.0,0.57641,0.78139,{'alpha': 'dynamic'},validation,fpr = 5,0.57641,0.78139,dynamic,1.0,FB,0.61568,0.92777,AOF,recall,age_min_fpr_disparity
40,a99dae7c15e2d3485a6beefcbac68881,ce25bb5862cbb6f61004c0507fe49a25,0.60904,3421fbdcf8a9cbdf66e81c41d2b7d796,fa48ee9af7c4718ce6681cbcf83b84a1,lightgbm.LGBMClassifier,"{'max_depth': 9, 'num_leaves': 18, 'n_estimators': 404, 'boosting_type': 'dart', 'learning_rate': 0.013188231592719575, 'min_child_samples': 8}",4,Hyperband,4.0,0.0,81.0,1.235,0.23458,0.98349,{'alpha': 0.5},validation,fpr = 5,0.23458,0.98349,0.5,0.0123,FB (alpha=0.5),0.22108,0.99755,AOF,recall,age_min_fpr_disparity
200,a99dae7c15e2d3485a6beefcbac68881,d079bf16a7c895b544d0622c25d76f7f,0.6756,134aa70eb6b8659348dfe5da98a14c19,cb1cb64cbcac2d180ad327cebd27792e,sklearn.ensemble.RandomForestClassifier,"{'criterion': 'gini', 'max_depth': 21, 'max_features': 'log2', 'n_estimators': 265, 'min_samples_leaf': 9, 'min_samples_split': 17}",19,Hyperband,1.0,1.0,2.0,100.0,0.6756,0.29654,{'alpha': 1},validation,fpr = 5,0.6756,0.29654,1,1.0,HB,0.67866,0.31087,AOF,recall,age_min_fpr_disparity
11,a99dae7c15e2d3485a6beefcbac68881,d0b09d4db94e1d1660fc618af16ea2ba,0.58905,e5d60bf7a0c37614d11f0b889fbbab8f,1a476820235d6e064c99cf3e7f4d5dca,lightgbm.LGBMClassifier,"{'max_depth': 17, 'num_leaves': 84, 'n_estimators': 307, 'boosting_type': 'goss', 'learning_rate': 0.023231568610470203, 'min_child_samples': 49}",9,RandomSearch,,,,100.0,0.68633,0.49177,{'alpha': 0.5},validation,fpr = 5,0.68633,0.49177,0.5,,RS (alpha=0.5),0.70566,0.52286,AOF,recall,age_min_fpr_disparity
191,a99dae7c15e2d3485a6beefcbac68881,d3eedc29b42ca52539dbc67fe0a2e2e7,0.62768,3705782dd3395b19d76b008b772698f0,d255529a81a5f393578614e42fa8615a,lightgbm.LGBMClassifier,"{'max_depth': 65, 'num_leaves': 149, 'n_estimators': 4053, 'boosting_type': 'goss', 'learning_rate': 0.1260922799126345, 'min_child_samples': 88}",19,Hyperband,2.0,2.0,1.0,100.0,0.65013,0.60522,{'alpha': 0.5},validation,fpr = 5,0.65013,0.60522,0.5,1.0,FB (alpha=0.5),0.66324,0.65676,AOF,recall,age_min_fpr_disparity
191,a99dae7c15e2d3485a6beefcbac68881,d4c8721c072bdeabea3bd979705191e0,0.69705,fada241bda64d6bf5ee0cd0542d1943c,024f11a1ae06acd8902cfc91ebd1e07f,lightgbm.LGBMClassifier,"{'max_depth': 23, 'num_leaves': 17, 'n_estimators': 1100, 'boosting_type': 'dart', 'learning_rate': 0.03148724664972855, 'min_child_samples': 21}",9,Hyperband,2.0,2.0,1.0,100.0,0.69705,0.43618,{'alpha': 1},validation,fpr = 5,0.69705,0.43618,1,1.0,HB,0.70566,0.48018,AOF,recall,age_min_fpr_disparity
206,a99dae7c15e2d3485a6beefcbac68881,d806c8918142c0a33d9c99cddc853c83,0.58958,aadb96e1d21455481f1f870d84dbe0aa,00ad58aee43138ac3012c8039ef807b1,lightgbm.LGBMClassifier,"{'max_depth': 5, 'num_leaves': 101, 'n_estimators': 298, 'boosting_type': 'gbdt', 'learning_rate': 0.45643326789863886, 'min_child_samples': 15}",19,Hyperband,0.0,0.0,5.0,100.0,0.46515,0.9988,{'alpha': 'dynamic'},validation,fpr = 5,0.46515,0.9988,dynamic,1.0,FB,0.51542,0.89387,AOF,recall,age_min_fpr_disparity
22,a99dae7c15e2d3485a6beefcbac68881,d85be556602020dca2c35be4a773f2bb,0.67694,f0d5bdcc8b1d0f4d4d02c6961b5ac5d3,6c5d5a8875eb2af55e09a872cf0e06dd,lightgbm.LGBMClassifier,"{'max_depth': 15, 'num_leaves': 11, 'n_estimators': 102, 'boosting_type': 'dart', 'learning_rate': 0.35840484937739653, 'min_child_samples': 37}",4,RandomSearch,,,,100.0,0.67694,0.47725,{'alpha': 1},validation,fpr = 5,0.67694,0.47725,1,,RS,0.67224,0.46436,AOF,recall,age_min_fpr_disparity
191,a99dae7c15e2d3485a6beefcbac68881,db0b1a74ab324bd82ec984ac229242fb,0.67694,a2ba1b97f9c414cd66fd2970bd68a68c,b313773c2700edd52bc421ff0b33ec8d,sklearn.ensemble.RandomForestClassifier,"{'criterion': 'entropy', 'max_depth': 25, 'max_features': 'log2', 'n_estimators': 445, 'min_samples_leaf': 1, 'min_samples_split': 62}",4,Hyperband,2.0,2.0,1.0,100.0,0.67694,0.25545,{'alpha': 1},validation,fpr = 5,0.67694,0.25545,1,1.0,HB,0.67609,0.28446,AOF,recall,age_min_fpr_disparity
200,a99dae7c15e2d3485a6beefcbac68881,db0d6846e8621280d176f4c482ef1a5c,0.60445,3d91b6f8c2b9228d90f9056f5d461fbe,68f7c734ac17440c03ee2c930327b91b,lightgbm.LGBMClassifier,"{'max_depth': 28, 'num_leaves': 4, 'n_estimators': 2370, 'boosting_type': 'gbdt', 'learning_rate': 0.03397200214564691, 'min_child_samples': 9}",9,Hyperband,1.0,1.0,2.0,100.0,0.66488,0.5559,{'alpha': 'dynamic'},validation,fpr = 5,0.66488,0.5559,dynamic,1.0,FB,0.6928,0.60887,AOF,recall,age_min_fpr_disparity
170,a99dae7c15e2d3485a6beefcbac68881,dd054b5f82625dda34634373116b6ca6,0.68097,aed16a14862bcf93c799d047b3a841ba,81a6267b6098064e758a4e0b90210947,sklearn.ensemble.RandomForestClassifier,"{'criterion': 'entropy', 'max_depth': 42, 'max_features': 'log2', 'n_estimators': 143, 'min_samples_leaf': 16, 'min_samples_split': 47}",19,Hyperband,3.0,3.0,1.0,100.0,0.68097,0.27217,{'alpha': 1},validation,fpr = 5,0.68097,0.27217,1,1.0,HB,0.65681,0.28352,AOF,recall,age_min_fpr_disparity
16,a99dae7c15e2d3485a6beefcbac68881,e65586b2c9171e8649682bb661b89c5e,0.67292,97c2bfaeae0861706fda1ef8086ebb28,7c225aa48f5667f95bb6cad7a48ee5a0,lightgbm.LGBMClassifier,"{'max_depth': 21, 'num_leaves': 93, 'n_estimators': 2899, 'boosting_type': 'gbdt', 'learning_rate': 0.09243223674247077, 'min_child_samples': 4}",4,RandomSearch,,,,100.0,0.67292,0.49522,{'alpha': 1},validation,fpr = 5,0.67292,0.49522,1,,RS,0.68509,0.56102,AOF,recall,age_min_fpr_disparity
170,a99dae7c15e2d3485a6beefcbac68881,ec4495079281aeeda2a0d30f1a194e0c,0.68633,a12aab06b70b321962c583a28df772b1,ce02ea3bc31da0f995af84e0fc1d49b1,lightgbm.LGBMClassifier,"{'max_depth': 29, 'num_leaves': 6, 'n_estimators': 2493, 'boosting_type': 'dart', 'learning_rate': 0.018634672230835782, 'min_child_samples': 34}",19,Hyperband,3.0,3.0,1.0,100.0,0.68633,0.35364,{'alpha': 1},validation,fpr = 5,0.68633,0.35364,1,1.0,HB,0.70308,0.39379,AOF,recall,age_min_fpr_disparity
9,a99dae7c15e2d3485a6beefcbac68881,ef96d2fa592e2bd976327c26cfa19256,0.67962,e2858e5058fe182dd9889ecd3c6e1075,79006337f87a1402cb8a0a9792368863,lightgbm.LGBMClassifier,"{'max_depth': 45, 'num_leaves': 118, 'n_estimators': 3133, 'boosting_type': 'dart', 'learning_rate': 0.06327682959124407, 'min_child_samples': 28}",9,RandomSearch,,,,100.0,0.67962,0.52656,{'alpha': 1},validation,fpr = 5,0.67962,0.52656,1,,RS,0.70051,0.55941,AOF,recall,age_min_fpr_disparity
6,a99dae7c15e2d3485a6beefcbac68881,f0c0cd500084007df461d723584f2fa7,0.71462,675d4227bc9aff2d40a56792e32f6ec4,654aedbcefcc11ff7f2611f26dd53ae9,lightgbm.LGBMClassifier,"{'max_depth': 75, 'num_leaves': 18, 'n_estimators': 237, 'boosting_type': 'goss', 'learning_rate': 0.6475461795689522, 'min_child_samples': 45}",19,RandomSearch,,,,100.0,0.45174,0.97749,{'alpha': 0.5},validation,fpr = 5,0.45174,0.97749,0.5,,RS (alpha=0.5),0.44859,0.96187,AOF,recall,age_min_fpr_disparity
4,a99dae7c15e2d3485a6beefcbac68881,f5eaef09369d9c5805241baa5cde864e,0.68767,0eb103cec5287f3446955469546264cf,b9b4b81475de8c97d7da562231ad355c,lightgbm.LGBMClassifier,"{'max_depth': 33, 'num_leaves': 85, 'n_estimators': 1169, 'boosting_type': 'gbdt', 'learning_rate': 0.012155555673284557, 'min_child_samples': 37}",9,RandomSearch,,,,100.0,0.68767,0.52744,{'alpha': 1},validation,fpr = 5,0.68767,0.52744,1,,RS,0.69537,0.54275,AOF,recall,age_min_fpr_disparity
4,a99dae7c15e2d3485a6beefcbac68881,f63e4218bdcaf1b85cf13b205c84f05c,0.67158,536ec89d6a24a5ae1ba0f5fc1bb5f44f,3c23ef01713b6813b57d9dc2b4e12655,sklearn.ensemble.RandomForestClassifier,"{'criterion': 'gini', 'max_depth': 14, 'max_features': 'sqrt', 'n_estimators': 177, 'min_samples_leaf': 2, 'min_samples_split': 7}",9,RandomSearch,,,,100.0,0.67158,0.30777,{'alpha': 1},validation,fpr = 5,0.67158,0.30777,1,,RS,0.6491,0.32481,AOF,recall,age_min_fpr_disparity
195,a99dae7c15e2d3485a6beefcbac68881,f83b446778306a56776b488d0f96a9c1,0.62046,9ba4c117eecb1505a26c091cdcac4959,986c1f83d46c8be302b0cea2087c3325,lightgbm.LGBMClassifier,"{'max_depth': 71, 'num_leaves': 88, 'n_estimators': 3260, 'boosting_type': 'goss', 'learning_rate': 0.06401902119099166, 'min_child_samples': 134}",19,Hyperband,1.0,0.0,8.0,33.333,0.60188,0.63904,{'alpha': 0.5},validation,fpr = 5,0.60188,0.63904,0.5,0.3333,FB (alpha=0.5),0.5964,0.67583,AOF,recall,age_min_fpr_disparity
168,a99dae7c15e2d3485a6beefcbac68881,fd0fc691a5e7b395e04ceb46fb37d0bb,0.61718,6088ad38a74a83d70a71671f3c3900db,b983b7e221d4969ee7db75afe2359c52,lightgbm.LGBMClassifier,"{'max_depth': 77, 'num_leaves': 39, 'n_estimators': 1493, 'boosting_type': 'dart', 'learning_rate': 0.12943228782160504, 'min_child_samples': 6}",9,Hyperband,3.0,2.0,3.0,33.333,0.64209,0.59227,{'alpha': 0.5},validation,fpr = 5,0.64209,0.59227,0.5,0.3333,FB (alpha=0.5),0.61954,0.66406,AOF,recall,age_min_fpr_disparity
